{
    "...MASTER...": [
        "SIM",
        "amcQw",
        "module",
        5
    ],
    "vcs_paramclassrepository": [
        "vcs_paramclassrepository",
        "hEeZs",
        "module",
        6
    ],
    "mul_add": [
        "mul_add",
        "V76K4",
        "module",
        3
    ],
    "_vcs_unit__3899850486": [
        "_vcs_unit__3899850486",
        "qwrJu",
        "module",
        7
    ],
    "test": [
        "test",
        "x9Hvb",
        "module",
        10
    ],
    "std": [
        "std",
        "reYIK",
        "module",
        1
    ],
    "ModExp": [
        "ModExp",
        "Hwa6Y",
        "module",
        4
    ],
    "top": [
        "top",
        "Emx8S",
        "module",
        8
    ],
    "modexp_if": [
        "modexp_if",
        "eBEmP",
        "module",
        9
    ]
}