<?xml version="1.0" standalone="yes"?>
<!--
Copyright (C) 1991-2010 Altera Corporation
Your use of Altera Corporation's design tools, logic functions 
and other software and tools, and its AMPP partner logic 
functions, and any output files from any of the foregoing 
(including device programming or simulation files), and any 
associated documentation or information are expressly subject 
to the terms and conditions of the Altera Program License 
Subscription Agreement, Altera MegaCore Function License 
Agreement, or other applicable license agreement, including, 
without limitation, that your use is for the sole purpose of 
programming logic devices manufactured by Altera and sold by 
Altera or its authorized distributors.  Please refer to the 
applicable agreement for further details.

Symbol generated by Quartus II
Version 9.1 Build 350 03/24/2010 Service Pack 2 SJ Web Edition
on 05/20/2020 19:08:29
-->
<!DOCTYPE PART_RECORD [<!ELEMENT PART_RECORD (MFRS|PARAMETERS|PINOUT_LABELS|DATA_SHEET)*>
<!ATTLIST PART_RECORD PART_NUMBER CDATA #IMPLIED>
<!ATTLIST PART_RECORD PART_DESCRIPT CDATA #IMPLIED>
<!ELEMENT MFRS (MFR)*>
<!ELEMENT MFR EMPTY>
<!ATTLIST MFR NAME CDATA #IMPLIED>
<!ATTLIST MFR STATUS CDATA #IMPLIED>
<!ELEMENT PARAMETERS (PARAMETER)*>
<!ELEMENT PARAMETER EMPTY>
<!ATTLIST PARAMETER NAME CDATA #IMPLIED>
<!ATTLIST PARAMETER VALUE CDATA #IMPLIED>
<!ELEMENT PINOUT_LABELS (PIN*)>
<!ATTLIST PINOUT_LABELS TYPE CDATA #IMPLIED>
<!ELEMENT PIN EMPTY>
<!ATTLIST PIN PIN_NUM CDATA #IMPLIED>
<!ATTLIST PIN FUNCTION CDATA #IMPLIED>
<!ATTLIST PIN SIGNAL CDATA #IMPLIED>
<!ATTLIST PIN IO CDATA #IMPLIED>
<!ATTLIST PIN CONTROL CDATA #IMPLIED>
<!ATTLIST PIN POLARITY CDATA #IMPLIED>
<!ELEMENT DATA_SHEET (IMAGE)*>
<!ELEMENT IMAGE EMPTY>
<!ATTLIST IMAGE IMAGE_DATE CDATA #IMPLIED>
<!ATTLIST IMAGE MFR_NAME CDATA #IMPLIED>
<!ATTLIST IMAGE xml:LINK CDATA #IMPLIED>
<!ATTLIST IMAGE ACTUATE CDATA #IMPLIED>
<!ATTLIST IMAGE HREF CDATA #IMPLIED> ]>
<PART_RECORD PART_NUMBER="EP2C5T144C6" PART_DESCRIPT="Programmable Logic Device (PLD)">
<MFRS>
<MFR NAME="Altera Corp" STATUS="Preliminary"/>
</MFRS>
<PARAMETERS>
<PARAMETER NAME="Technology" VALUE="CMOS"/>
<PARAMETER NAME="Family Name" VALUE="Cyclone II"/>
</PARAMETERS>
<PINOUT_LABELS TYPE="EXTENDED">
<PIN PIN_NUM="1" FUNCTION="~ASDO~" SIGNAL="DIG" IO="IN" CONTROL="DATA" POLARITY="P"/>
<PIN PIN_NUM="2" FUNCTION="~nCSO~" SIGNAL="DIG" IO="IN" CONTROL="DATA" POLARITY="P"/>
<PIN PIN_NUM="3" FUNCTION="" SIGNAL="NC" IO="IN" CONTROL="DATA" POLARITY="P"/>
<PIN PIN_NUM="4" FUNCTION="" SIGNAL="NC" IO="IN" CONTROL="DATA" POLARITY="P"/>
<PIN PIN_NUM="5" FUNCTION="" SIGNAL="NC" IO="IN" CONTROL="DATA" POLARITY="P"/>
<PIN PIN_NUM="6" FUNCTION="" SIGNAL="NC" IO="IN" CONTROL="DATA" POLARITY="P"/>
<PIN PIN_NUM="7" FUNCTION="" SIGNAL="NC" IO="IN" CONTROL="DATA" POLARITY="P"/>
<PIN PIN_NUM="8" FUNCTION="" SIGNAL="NC" IO="IN" CONTROL="DATA" POLARITY="P"/>
<PIN PIN_NUM="9" FUNCTION="" SIGNAL="NC" IO="IN" CONTROL="DATA" POLARITY="P"/>
<PIN PIN_NUM="10" FUNCTION="TDO" SIGNAL="DIG" IO="IN" CONTROL="CNTL" POLARITY="P"/>
<PIN PIN_NUM="11" FUNCTION="TMS" SIGNAL="DIG" IO="IN" CONTROL="CNTL" POLARITY="P"/>
<PIN PIN_NUM="12" FUNCTION="TCK" SIGNAL="DIG" IO="IN" CONTROL="CNTL" POLARITY="P"/>
<PIN PIN_NUM="13" FUNCTION="TDI" SIGNAL="DIG" IO="IN" CONTROL="CNTL" POLARITY="P"/>
<PIN PIN_NUM="14" FUNCTION="DATA0" SIGNAL="DIG" IO="IN" CONTROL="CNTL" POLARITY="P"/>
<PIN PIN_NUM="15" FUNCTION="DCLK" SIGNAL="DIG" IO="IN" CONTROL="CNTL" POLARITY="P"/>
<PIN PIN_NUM="16" FUNCTION="nCE" SIGNAL="DIG" IO="IN" CONTROL="CNTL" POLARITY="P"/>
<PIN PIN_NUM="17" FUNCTION="" SIGNAL="NC" IO="IN" CONTROL="DATA" POLARITY="P"/>
<PIN PIN_NUM="18" FUNCTION="" SIGNAL="NC" IO="IN" CONTROL="DATA" POLARITY="P"/>
<PIN PIN_NUM="19" FUNCTION="" SIGNAL="NC" IO="IN" CONTROL="DATA" POLARITY="P"/>
<PIN PIN_NUM="20" FUNCTION="nCONFIG" SIGNAL="DIG" IO="IN" CONTROL="CNTL" POLARITY="P"/>
<PIN PIN_NUM="21" FUNCTION="" SIGNAL="NC" IO="IN" CONTROL="DATA" POLARITY="P"/>
<PIN PIN_NUM="22" FUNCTION="" SIGNAL="NC" IO="IN" CONTROL="DATA" POLARITY="P"/>
<PIN PIN_NUM="23" FUNCTION="" SIGNAL="NC" IO="IN" CONTROL="DATA" POLARITY="P"/>
<PIN PIN_NUM="24" FUNCTION="" SIGNAL="NC" IO="IN" CONTROL="DATA" POLARITY="P"/>
<PIN PIN_NUM="25" FUNCTION="" SIGNAL="NC" IO="IN" CONTROL="DATA" POLARITY="P"/>
<PIN PIN_NUM="26" FUNCTION="" SIGNAL="NC" IO="IN" CONTROL="DATA" POLARITY="P"/>
<PIN PIN_NUM="27" FUNCTION="" SIGNAL="NC" IO="IN" CONTROL="DATA" POLARITY="P"/>
<PIN PIN_NUM="28" FUNCTION="" SIGNAL="NC" IO="IN" CONTROL="DATA" POLARITY="P"/>
<PIN PIN_NUM="29" FUNCTION="" SIGNAL="NC" IO="IN" CONTROL="DATA" POLARITY="P"/>
<PIN PIN_NUM="30" FUNCTION="" SIGNAL="NC" IO="IN" CONTROL="DATA" POLARITY="P"/>
<PIN PIN_NUM="31" FUNCTION="" SIGNAL="NC" IO="IN" CONTROL="DATA" POLARITY="P"/>
<PIN PIN_NUM="32" FUNCTION="" SIGNAL="NC" IO="IN" CONTROL="DATA" POLARITY="P"/>
<PIN PIN_NUM="33" FUNCTION="" SIGNAL="NC" IO="IN" CONTROL="DATA" POLARITY="P"/>
<PIN PIN_NUM="34" FUNCTION="" SIGNAL="NC" IO="IN" CONTROL="DATA" POLARITY="P"/>
<PIN PIN_NUM="35" FUNCTION="" SIGNAL="NC" IO="IN" CONTROL="DATA" POLARITY="P"/>
<PIN PIN_NUM="36" FUNCTION="" SIGNAL="NC" IO="IN" CONTROL="DATA" POLARITY="P"/>
<PIN PIN_NUM="37" FUNCTION="" SIGNAL="NC" IO="IN" CONTROL="DATA" POLARITY="P"/>
<PIN PIN_NUM="38" FUNCTION="" SIGNAL="NC" IO="IN" CONTROL="DATA" POLARITY="P"/>
<PIN PIN_NUM="39" FUNCTION="" SIGNAL="NC" IO="IN" CONTROL="DATA" POLARITY="P"/>
<PIN PIN_NUM="40" FUNCTION="" SIGNAL="NC" IO="IN" CONTROL="DATA" POLARITY="P"/>
<PIN PIN_NUM="41" FUNCTION="" SIGNAL="NC" IO="IN" CONTROL="DATA" POLARITY="P"/>
<PIN PIN_NUM="42" FUNCTION="" SIGNAL="NC" IO="IN" CONTROL="DATA" POLARITY="P"/>
<PIN PIN_NUM="43" FUNCTION="" SIGNAL="NC" IO="IN" CONTROL="DATA" POLARITY="P"/>
<PIN PIN_NUM="44" FUNCTION="" SIGNAL="NC" IO="IN" CONTROL="DATA" POLARITY="P"/>
<PIN PIN_NUM="45" FUNCTION="" SIGNAL="NC" IO="IN" CONTROL="DATA" POLARITY="P"/>
<PIN PIN_NUM="46" FUNCTION="" SIGNAL="NC" IO="IN" CONTROL="DATA" POLARITY="P"/>
<PIN PIN_NUM="47" FUNCTION="" SIGNAL="NC" IO="IN" CONTROL="DATA" POLARITY="P"/>
<PIN PIN_NUM="48" FUNCTION="" SIGNAL="NC" IO="IN" CONTROL="DATA" POLARITY="P"/>
<PIN PIN_NUM="49" FUNCTION="" SIGNAL="NC" IO="IN" CONTROL="DATA" POLARITY="P"/>
<PIN PIN_NUM="50" FUNCTION="" SIGNAL="NC" IO="IN" CONTROL="DATA" POLARITY="P"/>
<PIN PIN_NUM="51" FUNCTION="" SIGNAL="NC" IO="IN" CONTROL="DATA" POLARITY="P"/>
<PIN PIN_NUM="52" FUNCTION="" SIGNAL="NC" IO="IN" CONTROL="DATA" POLARITY="P"/>
<PIN PIN_NUM="53" FUNCTION="" SIGNAL="NC" IO="IN" CONTROL="DATA" POLARITY="P"/>
<PIN PIN_NUM="54" FUNCTION="" SIGNAL="NC" IO="IN" CONTROL="DATA" POLARITY="P"/>
<PIN PIN_NUM="55" FUNCTION="" SIGNAL="NC" IO="IN" CONTROL="DATA" POLARITY="P"/>
<PIN PIN_NUM="56" FUNCTION="" SIGNAL="NC" IO="IN" CONTROL="DATA" POLARITY="P"/>
<PIN PIN_NUM="57" FUNCTION="" SIGNAL="NC" IO="IN" CONTROL="DATA" POLARITY="P"/>
<PIN PIN_NUM="58" FUNCTION="" SIGNAL="NC" IO="IN" CONTROL="DATA" POLARITY="P"/>
<PIN PIN_NUM="59" FUNCTION="" SIGNAL="NC" IO="IN" CONTROL="DATA" POLARITY="P"/>
<PIN PIN_NUM="60" FUNCTION="" SIGNAL="NC" IO="IN" CONTROL="DATA" POLARITY="P"/>
<PIN PIN_NUM="61" FUNCTION="" SIGNAL="NC" IO="IN" CONTROL="DATA" POLARITY="P"/>
<PIN PIN_NUM="62" FUNCTION="" SIGNAL="NC" IO="IN" CONTROL="DATA" POLARITY="P"/>
<PIN PIN_NUM="63" FUNCTION="" SIGNAL="NC" IO="IN" CONTROL="DATA" POLARITY="P"/>
<PIN PIN_NUM="64" FUNCTION="" SIGNAL="NC" IO="IN" CONTROL="DATA" POLARITY="P"/>
<PIN PIN_NUM="65" FUNCTION="" SIGNAL="NC" IO="IN" CONTROL="DATA" POLARITY="P"/>
<PIN PIN_NUM="66" FUNCTION="" SIGNAL="NC" IO="IN" CONTROL="DATA" POLARITY="P"/>
<PIN PIN_NUM="67" FUNCTION="" SIGNAL="NC" IO="IN" CONTROL="DATA" POLARITY="P"/>
<PIN PIN_NUM="68" FUNCTION="" SIGNAL="NC" IO="IN" CONTROL="DATA" POLARITY="P"/>
<PIN PIN_NUM="69" FUNCTION="" SIGNAL="NC" IO="IN" CONTROL="DATA" POLARITY="P"/>
<PIN PIN_NUM="70" FUNCTION="" SIGNAL="NC" IO="IN" CONTROL="DATA" POLARITY="P"/>
<PIN PIN_NUM="71" FUNCTION="" SIGNAL="NC" IO="IN" CONTROL="DATA" POLARITY="P"/>
<PIN PIN_NUM="72" FUNCTION="" SIGNAL="NC" IO="IN" CONTROL="DATA" POLARITY="P"/>
<PIN PIN_NUM="73" FUNCTION="" SIGNAL="NC" IO="IN" CONTROL="DATA" POLARITY="P"/>
<PIN PIN_NUM="74" FUNCTION="" SIGNAL="NC" IO="IN" CONTROL="DATA" POLARITY="P"/>
<PIN PIN_NUM="75" FUNCTION="" SIGNAL="NC" IO="IN" CONTROL="DATA" POLARITY="P"/>
<PIN PIN_NUM="76" FUNCTION="~LVDS41p/nCEO~" SIGNAL="DIG" IO="OUT" CONTROL="DATA" POLARITY="P"/>
<PIN PIN_NUM="77" FUNCTION="" SIGNAL="NC" IO="IN" CONTROL="DATA" POLARITY="P"/>
<PIN PIN_NUM="78" FUNCTION="" SIGNAL="NC" IO="IN" CONTROL="DATA" POLARITY="P"/>
<PIN PIN_NUM="79" FUNCTION="" SIGNAL="NC" IO="IN" CONTROL="DATA" POLARITY="P"/>
<PIN PIN_NUM="80" FUNCTION="" SIGNAL="NC" IO="IN" CONTROL="DATA" POLARITY="P"/>
<PIN PIN_NUM="81" FUNCTION="" SIGNAL="NC" IO="IN" CONTROL="DATA" POLARITY="P"/>
<PIN PIN_NUM="82" FUNCTION="nSTATUS" SIGNAL="DIG" IO="IN" CONTROL="CNTL" POLARITY="P"/>
<PIN PIN_NUM="83" FUNCTION="CONF_DONE" SIGNAL="DIG" IO="IN" CONTROL="CNTL" POLARITY="P"/>
<PIN PIN_NUM="84" FUNCTION="MSEL1" SIGNAL="DIG" IO="IN" CONTROL="CNTL" POLARITY="P"/>
<PIN PIN_NUM="85" FUNCTION="MSEL0" SIGNAL="DIG" IO="IN" CONTROL="CNTL" POLARITY="P"/>
<PIN PIN_NUM="86" FUNCTION="" SIGNAL="NC" IO="IN" CONTROL="DATA" POLARITY="P"/>
<PIN PIN_NUM="87" FUNCTION="" SIGNAL="NC" IO="IN" CONTROL="DATA" POLARITY="P"/>
<PIN PIN_NUM="88" FUNCTION="" SIGNAL="NC" IO="IN" CONTROL="DATA" POLARITY="P"/>
<PIN PIN_NUM="89" FUNCTION="" SIGNAL="NC" IO="IN" CONTROL="DATA" POLARITY="P"/>
<PIN PIN_NUM="90" FUNCTION="" SIGNAL="NC" IO="IN" CONTROL="DATA" POLARITY="P"/>
<PIN PIN_NUM="91" FUNCTION="" SIGNAL="NC" IO="IN" CONTROL="DATA" POLARITY="P"/>
<PIN PIN_NUM="92" FUNCTION="" SIGNAL="NC" IO="IN" CONTROL="DATA" POLARITY="P"/>
<PIN PIN_NUM="93" FUNCTION="" SIGNAL="NC" IO="IN" CONTROL="DATA" POLARITY="P"/>
<PIN PIN_NUM="94" FUNCTION="" SIGNAL="NC" IO="IN" CONTROL="DATA" POLARITY="P"/>
<PIN PIN_NUM="95" FUNCTION="" SIGNAL="NC" IO="IN" CONTROL="DATA" POLARITY="P"/>
<PIN PIN_NUM="96" FUNCTION="" SIGNAL="NC" IO="IN" CONTROL="DATA" POLARITY="P"/>
<PIN PIN_NUM="97" FUNCTION="" SIGNAL="NC" IO="IN" CONTROL="DATA" POLARITY="P"/>
<PIN PIN_NUM="98" FUNCTION="" SIGNAL="NC" IO="IN" CONTROL="DATA" POLARITY="P"/>
<PIN PIN_NUM="99" FUNCTION="" SIGNAL="NC" IO="IN" CONTROL="DATA" POLARITY="P"/>
<PIN PIN_NUM="100" FUNCTION="" SIGNAL="NC" IO="IN" CONTROL="DATA" POLARITY="P"/>
<PIN PIN_NUM="101" FUNCTION="" SIGNAL="NC" IO="IN" CONTROL="DATA" POLARITY="P"/>
<PIN PIN_NUM="102" FUNCTION="" SIGNAL="NC" IO="IN" CONTROL="DATA" POLARITY="P"/>
<PIN PIN_NUM="103" FUNCTION="" SIGNAL="NC" IO="IN" CONTROL="DATA" POLARITY="P"/>
<PIN PIN_NUM="104" FUNCTION="" SIGNAL="NC" IO="IN" CONTROL="DATA" POLARITY="P"/>
<PIN PIN_NUM="105" FUNCTION="" SIGNAL="NC" IO="IN" CONTROL="DATA" POLARITY="P"/>
<PIN PIN_NUM="106" FUNCTION="" SIGNAL="NC" IO="IN" CONTROL="DATA" POLARITY="P"/>
<PIN PIN_NUM="107" FUNCTION="" SIGNAL="NC" IO="IN" CONTROL="DATA" POLARITY="P"/>
<PIN PIN_NUM="108" FUNCTION="" SIGNAL="NC" IO="IN" CONTROL="DATA" POLARITY="P"/>
<PIN PIN_NUM="109" FUNCTION="" SIGNAL="NC" IO="IN" CONTROL="DATA" POLARITY="P"/>
<PIN PIN_NUM="110" FUNCTION="" SIGNAL="NC" IO="IN" CONTROL="DATA" POLARITY="P"/>
<PIN PIN_NUM="111" FUNCTION="" SIGNAL="NC" IO="IN" CONTROL="DATA" POLARITY="P"/>
<PIN PIN_NUM="112" FUNCTION="" SIGNAL="NC" IO="IN" CONTROL="DATA" POLARITY="P"/>
<PIN PIN_NUM="113" FUNCTION="" SIGNAL="NC" IO="IN" CONTROL="DATA" POLARITY="P"/>
<PIN PIN_NUM="114" FUNCTION="" SIGNAL="NC" IO="IN" CONTROL="DATA" POLARITY="P"/>
<PIN PIN_NUM="115" FUNCTION="" SIGNAL="NC" IO="IN" CONTROL="DATA" POLARITY="P"/>
<PIN PIN_NUM="116" FUNCTION="" SIGNAL="NC" IO="IN" CONTROL="DATA" POLARITY="P"/>
<PIN PIN_NUM="117" FUNCTION="" SIGNAL="NC" IO="IN" CONTROL="DATA" POLARITY="P"/>
<PIN PIN_NUM="118" FUNCTION="" SIGNAL="NC" IO="IN" CONTROL="DATA" POLARITY="P"/>
<PIN PIN_NUM="119" FUNCTION="" SIGNAL="NC" IO="IN" CONTROL="DATA" POLARITY="P"/>
<PIN PIN_NUM="120" FUNCTION="" SIGNAL="NC" IO="IN" CONTROL="DATA" POLARITY="P"/>
<PIN PIN_NUM="121" FUNCTION="" SIGNAL="NC" IO="IN" CONTROL="DATA" POLARITY="P"/>
<PIN PIN_NUM="122" FUNCTION="" SIGNAL="NC" IO="IN" CONTROL="DATA" POLARITY="P"/>
<PIN PIN_NUM="123" FUNCTION="" SIGNAL="NC" IO="IN" CONTROL="DATA" POLARITY="P"/>
<PIN PIN_NUM="124" FUNCTION="" SIGNAL="NC" IO="IN" CONTROL="DATA" POLARITY="P"/>
<PIN PIN_NUM="125" FUNCTION="" SIGNAL="NC" IO="IN" CONTROL="DATA" POLARITY="P"/>
<PIN PIN_NUM="126" FUNCTION="" SIGNAL="NC" IO="IN" CONTROL="DATA" POLARITY="P"/>
<PIN PIN_NUM="127" FUNCTION="" SIGNAL="NC" IO="IN" CONTROL="DATA" POLARITY="P"/>
<PIN PIN_NUM="128" FUNCTION="" SIGNAL="NC" IO="IN" CONTROL="DATA" POLARITY="P"/>
<PIN PIN_NUM="129" FUNCTION="" SIGNAL="NC" IO="IN" CONTROL="DATA" POLARITY="P"/>
<PIN PIN_NUM="130" FUNCTION="" SIGNAL="NC" IO="IN" CONTROL="DATA" POLARITY="P"/>
<PIN PIN_NUM="131" FUNCTION="" SIGNAL="NC" IO="IN" CONTROL="DATA" POLARITY="P"/>
<PIN PIN_NUM="132" FUNCTION="" SIGNAL="NC" IO="IN" CONTROL="DATA" POLARITY="P"/>
<PIN PIN_NUM="133" FUNCTION="" SIGNAL="NC" IO="IN" CONTROL="DATA" POLARITY="P"/>
<PIN PIN_NUM="134" FUNCTION="" SIGNAL="NC" IO="IN" CONTROL="DATA" POLARITY="P"/>
<PIN PIN_NUM="135" FUNCTION="" SIGNAL="NC" IO="IN" CONTROL="DATA" POLARITY="P"/>
<PIN PIN_NUM="136" FUNCTION="" SIGNAL="NC" IO="IN" CONTROL="DATA" POLARITY="P"/>
<PIN PIN_NUM="137" FUNCTION="" SIGNAL="NC" IO="IN" CONTROL="DATA" POLARITY="P"/>
<PIN PIN_NUM="138" FUNCTION="" SIGNAL="NC" IO="IN" CONTROL="DATA" POLARITY="P"/>
<PIN PIN_NUM="139" FUNCTION="" SIGNAL="NC" IO="IN" CONTROL="DATA" POLARITY="P"/>
<PIN PIN_NUM="140" FUNCTION="" SIGNAL="NC" IO="IN" CONTROL="DATA" POLARITY="P"/>
<PIN PIN_NUM="141" FUNCTION="" SIGNAL="NC" IO="IN" CONTROL="DATA" POLARITY="P"/>
<PIN PIN_NUM="142" FUNCTION="" SIGNAL="NC" IO="IN" CONTROL="DATA" POLARITY="P"/>
<PIN PIN_NUM="143" FUNCTION="" SIGNAL="NC" IO="IN" CONTROL="DATA" POLARITY="P"/>
<PIN PIN_NUM="144" FUNCTION="" SIGNAL="NC" IO="IN" CONTROL="DATA" POLARITY="P"/>
</PINOUT_LABELS>
<DATA_SHEET>
<IMAGE xml:LINK="SIMPLE" ACTUATE="USER" MFR_NAME="Altera Corp" HREF="http://www.altera.com/literature/ds"/>
</DATA_SHEET>
</PART_RECORD>
