{
    "Misc": {
        "vcs_version": "O-2018.09-SP1_Full64",
        "hostname": "hafez.sfsu.edu",
        "vcs_build_date": "Build Date = Nov 29 2018 20:31:24",
        "master_pid": 31975,
        "VCS_HOME": "/packages/synopsys/vcs_mx/O-2018.09-SP1",
        "cwd": "/courses/engr850/engr850-13/testBenchFiles",
        "csrc": "csrc",
        "csrc_abs": "/courses/engr850/engr850-13/testBenchFiles/csrc",
        "archive_dir": "archive.26",
        "daidir": "simv.daidir",
        "daidir_abs": "/courses/engr850/engr850-13/testBenchFiles/simv.daidir",
        "default_output_dir": "csrc"
    },
    "cpu_cycles_pass2_start": 27031197532668856,
    "cycles_program_begin": 27031197056073176,
    "PEModules": [],
    "SIMBData": {
        "archive": "archive.26/_31975_archive_1.a",
        "out": "amcQwB.o",
        "bytes": 102766,
        "text": 0
    },
    "LVLData": [
        "SIM"
    ],
    "perf": [
        {
            "sub": [
                {
                    "sub": [],
                    "stat": [
                        "doParsingAndDesignResolution",
                        "entry",
                        0.072268009185791016,
                        0.047233999999999998,
                        0.039522000000000002,
                        277104,
                        277772,
                        0.0,
                        0.0,
                        1590406134.611237,
                        27031197188509545
                    ]
                },
                {
                    "sub": [],
                    "stat": [
                        "doParsingAndDesignResolution",
                        "exit",
                        0.092128992080688477,
                        0.062581999999999999,
                        0.043025000000000001,
                        278108,
                        278756,
                        0.0,
                        0.0,
                        1590406134.631098,
                        27031197246626346
                    ]
                },
                {
                    "sub": [
                        {
                            "sub": [],
                            "stat": [
                                "doUptoVir2VcsNoSepCleanup",
                                "entry",
                                0.1058349609375,
                                0.074326000000000003,
                                0.044986999999999999,
                                279280,
                                279284,
                                0.0,
                                0.0,
                                1590406134.644804,
                                27031197286705461
                            ]
                        },
                        {
                            "sub": [],
                            "stat": [
                                "doUptoVir2VcsNoSepCleanup",
                                "exit",
                                0.14641594886779785,
                                0.109809,
                                0.050001999999999998,
                                280604,
                                292960,
                                0.0,
                                0.0,
                                1590406134.685385,
                                27031197405490340
                            ]
                        },
                        {
                            "sub": [],
                            "stat": [
                                "doRadify_vir2vcsAll",
                                "entry",
                                0.1464998722076416,
                                0.10986799999999999,
                                0.050028999999999997,
                                280604,
                                292960,
                                0.0,
                                0.0,
                                1590406134.6854689,
                                27031197405673981
                            ]
                        },
                        {
                            "sub": [],
                            "stat": [
                                "doRadify_vir2vcsAll",
                                "exit",
                                0.15335702896118164,
                                0.112791,
                                0.053942999999999998,
                                281732,
                                292960,
                                0.0,
                                0.0,
                                1590406134.6923261,
                                27031197425771824
                            ]
                        }
                    ],
                    "stat": [
                        "doPostDesignResolutionToVir2Vcs",
                        "entry",
                        0.093587875366210938,
                        0.063267000000000004,
                        0.043799999999999999,
                        278280,
                        278756,
                        0.0,
                        0.0,
                        1590406134.6325569,
                        27031197250866547
                    ]
                },
                {
                    "sub": [],
                    "stat": [
                        "doPostDesignResolutionToVir2Vcs",
                        "exit",
                        0.15340304374694824,
                        0.11282300000000001,
                        0.053957999999999999,
                        281732,
                        292960,
                        0.0,
                        0.0,
                        1590406134.6923721,
                        27031197425866782
                    ]
                },
                {
                    "sub": [
                        {
                            "sub": [],
                            "stat": [
                                "DoPass2",
                                "entry",
                                0.18986892700195312,
                                0.114484,
                                0.056254999999999999,
                                280176,
                                292960,
                                0.015771,
                                0.016598000000000002,
                                1590406134.728838,
                                27031197532653593
                            ]
                        },
                        {
                            "sub": [],
                            "stat": [
                                "DoPass2",
                                "exit",
                                0.24301290512084961,
                                0.156112,
                                0.064631999999999995,
                                283692,
                                292960,
                                0.017809999999999999,
                                0.017617000000000001,
                                1590406134.7819819,
                                27031197688084928
                            ]
                        }
                    ],
                    "stat": [
                        "doGAToPass2",
                        "entry",
                        0.15343594551086426,
                        0.112846,
                        0.053969000000000003,
                        281732,
                        292960,
                        0.0,
                        0.0,
                        1590406134.692405,
                        27031197425960211
                    ]
                },
                {
                    "sub": [],
                    "stat": [
                        "doGAToPass2",
                        "exit",
                        0.2467200756072998,
                        0.15790999999999999,
                        0.066541000000000003,
                        285628,
                        292960,
                        0.017809999999999999,
                        0.017617000000000001,
                        1590406134.7856891,
                        27031197698932515
                    ]
                }
            ],
            "stat": [
                "main",
                "entry",
                0.027098894119262695,
                0.036232,
                0.033293999999999997,
                214904,
                214904,
                0.0,
                0.0,
                1590406134.5660679,
                27031197056400964
            ]
        },
        {
            "sub": [],
            "stat": [
                "main",
                "exit",
                0.24730086326599121,
                0.158467,
                0.066564999999999999,
                285620,
                292960,
                0.017809999999999999,
                0.017617000000000001,
                1590406134.7862699,
                27031197700626378
            ]
        }
    ],
    "NameTable": {
        "std": [
            "std",
            "reYIK",
            "module",
            1
        ],
        "ModExp_tb": [
            "ModExp_tb",
            "eepig",
            "module",
            2
        ],
        "mul_add": [
            "mul_add",
            "V76K4",
            "module",
            3
        ],
        "ModExp": [
            "ModExp",
            "Hwa6Y",
            "module",
            4
        ],
        "...MASTER...": [
            "SIM",
            "amcQw",
            "module",
            5
        ]
    },
    "MlibObjs": {},
    "stat": {
        "ru_self_cgstart": {
            "ru_minflt": 26004,
            "ru_utime_sec": 0.114546,
            "ru_nvcsw": 87,
            "ru_stime_sec": 0.056285000000000002,
            "ru_maxrss_kb": 69664,
            "ru_majflt": 0,
            "ru_nivcsw": 112
        },
        "nQuads": 5778,
        "ru_childs_end": {
            "ru_minflt": 6866,
            "ru_utime_sec": 0.017809999999999999,
            "ru_nvcsw": 18,
            "ru_stime_sec": 0.017617000000000001,
            "ru_maxrss_kb": 18468,
            "ru_majflt": 0,
            "ru_nivcsw": 8
        },
        "Frontend(%)": 73.903501310013951,
        "CodeGen(%)": 26.096498689986053,
        "cpu_cycles_cgstart": 27031197532790466,
        "ru_childs_cgstart": {
            "ru_minflt": 6287,
            "ru_utime_sec": 0.015771,
            "ru_nvcsw": 17,
            "ru_stime_sec": 0.016598000000000002,
            "ru_maxrss_kb": 18024,
            "ru_majflt": 0,
            "ru_nivcsw": 6
        },
        "realTime": 0.24739885330200195,
        "quadSpeed": 125562.29219636221,
        "mop/quad": 2.7526825891311875,
        "nMops": 15905,
        "totalObjSize": 102766,
        "ru_self_end": {
            "ru_minflt": 29197,
            "ru_utime_sec": 0.158524,
            "ru_nvcsw": 88,
            "ru_stime_sec": 0.066564999999999999,
            "ru_maxrss_kb": 77156,
            "ru_majflt": 0,
            "ru_nivcsw": 117
        },
        "cpu_cycles_end": 27031197700712497,
        "cpu_cycles_total": 644639321,
        "mopSpeed": 345633.13558032899,
        "outputSizePerQuad": 17.785739010038075,
        "peak_mem_kb": 292960
    },
    "PrevCompiledModules": {
        "ModExp_tb": {
            "eepig_d": {
                "bytes": 78302,
                "mod": "ModExp_tb",
                "archive": "archive.26/_prev_archive_1.a",
                "out": "eepig_d.o",
                "mode": 4,
                "checksum": 0
            }
        },
        "std": {
            "reYIK_d": {
                "bytes": 43072,
                "mod": "std",
                "archive": "archive.26/_prev_archive_1.a",
                "out": "reYIK_d.o",
                "mode": 4,
                "checksum": 0
            }
        },
        "ModExp": {
            "Hwa6Y_d": {
                "bytes": 114252,
                "mod": "ModExp",
                "archive": "archive.26/_prev_archive_1.a",
                "out": "Hwa6Y_d.o",
                "mode": 4,
                "checksum": 0
            }
        },
        "...MASTER...": {
            "amcQw_d": {
                "bytes": 7904,
                "mod": "...MASTER...",
                "out": "objs/amcQw_d.o",
                "mode": 4,
                "checksum": 0
            }
        },
        "mul_add": {
            "V76K4_d": {
                "bytes": 13142,
                "mod": "mul_add",
                "archive": "archive.26/_prev_archive_1.a",
                "out": "V76K4_d.o",
                "mode": 4,
                "checksum": 0
            }
        }
    },
    "CurCompileModules": [
        "...MASTER...",
        "std",
        "ModExp_tb",
        "mul_add",
        "ModExp"
    ],
    "CompileStrategy": "fullobj",
    "CompileProcesses": [
        "cgproc.31975.json"
    ],
    "rlimit": {
        "data": -1,
        "stack": -1
    },
    "CurCompileUdps": {},
    "CompileStatus": "Successful",
    "incremental": "on"
}