{
    "PrevCompiledModules": {
        "ModExp": {
            "Hwa6Y_d": {
                "bytes": 114252,
                "checksum": 0,
                "mod": "ModExp",
                "mode": 4,
                "archive": "archive.27/_32685_archive_1.a",
                "out": "Hwa6Y_d.o"
            }
        },
        "std": {
            "reYIK_d": {
                "bytes": 43072,
                "checksum": 0,
                "mod": "std",
                "mode": 4,
                "archive": "archive.27/_32685_archive_1.a",
                "out": "reYIK_d.o"
            }
        },
        "mul_add": {
            "V76K4_d": {
                "bytes": 13142,
                "checksum": 0,
                "mod": "mul_add",
                "mode": 4,
                "archive": "archive.27/_32685_archive_1.a",
                "out": "V76K4_d.o"
            }
        },
        "...MASTER...": {
            "amcQw_d": {
                "bytes": 7904,
                "checksum": 0,
                "mod": "...MASTER...",
                "mode": 4,
                "out": "objs/amcQw_d.o"
            }
        }
    },
    "cycles_program_begin": 27031272016150772,
    "stat": {
        "totalObjSize": 563074,
        "ru_self_cgstart": {
            "ru_utime_sec": 0.14821500000000001,
            "ru_stime_sec": 0.058083999999999997,
            "ru_maxrss_kb": 74564,
            "ru_minflt": 27047,
            "ru_nivcsw": 154,
            "ru_majflt": 0,
            "ru_nvcsw": 64
        },
        "nMops": 18280,
        "ru_childs_cgstart": {
            "ru_utime_sec": 0.0089990000000000001,
            "ru_stime_sec": 0.022519000000000001,
            "ru_maxrss_kb": 19848,
            "ru_minflt": 6287,
            "ru_nivcsw": 6,
            "ru_majflt": 0,
            "ru_nvcsw": 17
        },
        "cpu_cycles_end": 27031273431128064,
        "nQuads": 5962,
        "CodeGen(%)": 50.929050099725004,
        "cpu_cycles_cgstart": 27031272880250738,
        "outputSizePerQuad": 94.443810801744377,
        "ru_self_end": {
            "ru_utime_sec": 0.31138199999999999,
            "ru_stime_sec": 0.080079999999999998,
            "ru_maxrss_kb": 86012,
            "ru_minflt": 31521,
            "ru_nivcsw": 170,
            "ru_majflt": 0,
            "ru_nvcsw": 65
        },
        "ru_childs_end": {
            "ru_utime_sec": 0.0089990000000000001,
            "ru_stime_sec": 0.025558000000000001,
            "ru_maxrss_kb": 20284,
            "ru_minflt": 6866,
            "ru_nivcsw": 8,
            "ru_majflt": 0,
            "ru_nvcsw": 18
        },
        "quadSpeed": 36539.251196626778,
        "realTime": 0.50509405136108398,
        "cpu_cycles_total": 1414977292,
        "mopSpeed": 112032.45754349841,
        "mop/quad": 3.0660852063066084,
        "Frontend(%)": 49.070949900274996,
        "peak_mem_kb": 296940
    },
    "rlimit": {
        "data": -1,
        "stack": -1
    },
    "perf": [
        {
            "sub": [
                {
                    "sub": [],
                    "stat": [
                        "doParsingAndDesignResolution",
                        "entry",
                        0.15935683250427246,
                        0.044145999999999998,
                        0.037123000000000003,
                        277108,
                        277776,
                        0.0,
                        0.0,
                        1590406160.3225329,
                        27031272419728188
                    ]
                },
                {
                    "sub": [],
                    "stat": [
                        "doParsingAndDesignResolution",
                        "exit",
                        0.18844389915466309,
                        0.064834000000000003,
                        0.044885000000000001,
                        278524,
                        279172,
                        0.0,
                        0.0,
                        1590406160.35162,
                        27031272504876557
                    ]
                },
                {
                    "sub": [
                        {
                            "sub": [],
                            "stat": [
                                "doUptoVir2VcsNoSepCleanup",
                                "entry",
                                0.20558285713195801,
                                0.075905,
                                0.050936000000000002,
                                279888,
                                279892,
                                0.0,
                                0.0,
                                1590406160.3687589,
                                27031272554980680
                            ]
                        },
                        {
                            "sub": [],
                            "stat": [
                                "doUptoVir2VcsNoSepCleanup",
                                "exit",
                                0.27135205268859863,
                                0.14058699999999999,
                                0.050936000000000002,
                                281496,
                                296940,
                                0.0,
                                0.0,
                                1590406160.4345281,
                                27031272747467541
                            ]
                        },
                        {
                            "sub": [],
                            "stat": [
                                "doRadify_vir2vcsAll",
                                "entry",
                                0.27144098281860352,
                                0.140678,
                                0.050936000000000002,
                                281496,
                                296940,
                                0.0,
                                0.0,
                                1590406160.434617,
                                27031272747656264
                            ]
                        },
                        {
                            "sub": [],
                            "stat": [
                                "doRadify_vir2vcsAll",
                                "exit",
                                0.28214693069458008,
                                0.14749200000000001,
                                0.054810999999999999,
                                283112,
                                296940,
                                0.0,
                                0.0,
                                1590406160.445323,
                                27031272779071784
                            ]
                        }
                    ],
                    "stat": [
                        "doPostDesignResolutionToVir2Vcs",
                        "entry",
                        0.19008398056030273,
                        0.064834000000000003,
                        0.046524999999999997,
                        278696,
                        279172,
                        0.0,
                        0.0,
                        1590406160.35326,
                        27031272509619863
                    ]
                },
                {
                    "sub": [],
                    "stat": [
                        "doPostDesignResolutionToVir2Vcs",
                        "exit",
                        0.28221487998962402,
                        0.14754100000000001,
                        0.054829000000000003,
                        283112,
                        296940,
                        0.0,
                        0.0,
                        1590406160.4453909,
                        27031272779203154
                    ]
                },
                {
                    "sub": [
                        {
                            "sub": [],
                            "stat": [
                                "DoPass2",
                                "entry",
                                0.31668305397033691,
                                0.14815,
                                0.058058999999999999,
                                281556,
                                296940,
                                0.0089990000000000001,
                                0.022519000000000001,
                                1590406160.4798591,
                                27031272880096349
                            ]
                        },
                        {
                            "sub": [],
                            "stat": [
                                "DoPass2",
                                "exit",
                                0.50125885009765625,
                                0.30891099999999999,
                                0.078758999999999996,
                                287220,
                                296940,
                                0.0089990000000000001,
                                0.025558000000000001,
                                1590406160.6644349,
                                27031273420118275
                            ]
                        }
                    ],
                    "stat": [
                        "doGAToPass2",
                        "entry",
                        0.28225803375244141,
                        0.14757300000000001,
                        0.054841000000000001,
                        283112,
                        296940,
                        0.0,
                        0.0,
                        1590406160.4454341,
                        27031272779309127
                    ]
                },
                {
                    "sub": [],
                    "stat": [
                        "doGAToPass2",
                        "exit",
                        0.50446105003356934,
                        0.31089800000000001,
                        0.079973000000000002,
                        287220,
                        296940,
                        0.0089990000000000001,
                        0.025558000000000001,
                        1590406160.6676371,
                        27031273429483975
                    ]
                }
            ],
            "stat": [
                "main",
                "entry",
                0.02151799201965332,
                0.038380999999999998,
                0.02828,
                214908,
                214908,
                0.0,
                0.0,
                1590406160.1846941,
                27031272016469714
            ]
        },
        {
            "sub": [],
            "stat": [
                "main",
                "exit",
                0.50498294830322266,
                0.31131399999999998,
                0.080079999999999998,
                287212,
                296940,
                0.0089990000000000001,
                0.025558000000000001,
                1590406160.668159,
                27031273431005650
            ]
        }
    ],
    "NameTable": {
        "...MASTER...": [
            "SIM",
            "amcQw",
            "module",
            5
        ],
        "vcs_paramclassrepository": [
            "vcs_paramclassrepository",
            "hEeZs",
            "module",
            6
        ],
        "mul_add": [
            "mul_add",
            "V76K4",
            "module",
            3
        ],
        "_vcs_unit__3899850486": [
            "_vcs_unit__3899850486",
            "qwrJu",
            "module",
            7
        ],
        "test": [
            "test",
            "x9Hvb",
            "module",
            10
        ],
        "std": [
            "std",
            "reYIK",
            "module",
            1
        ],
        "ModExp": [
            "ModExp",
            "Hwa6Y",
            "module",
            4
        ],
        "top": [
            "top",
            "Emx8S",
            "module",
            8
        ],
        "modexp_if": [
            "modexp_if",
            "eBEmP",
            "module",
            9
        ]
    },
    "MlibObjs": {},
    "CompileStrategy": "fullobj",
    "cpu_cycles_pass2_start": 27031272880125526,
    "CurCompileUdps": {},
    "SIMBData": {
        "out": "amcQwB.o",
        "bytes": 109272,
        "text": 0,
        "archive": "archive.27/_32685_archive_1.a"
    },
    "incremental": "on",
    "CurCompileModules": [
        "...MASTER...",
        "...MASTER...",
        "vcs_paramclassrepository",
        "vcs_paramclassrepository",
        "_vcs_unit__3899850486",
        "_vcs_unit__3899850486",
        "std",
        "std",
        "top",
        "top",
        "modexp_if",
        "modexp_if",
        "test",
        "test",
        "mul_add",
        "mul_add",
        "ModExp",
        "ModExp"
    ],
    "CompileStatus": "Successful",
    "LVLData": [
        "SIM"
    ],
    "PEModules": [],
    "CompileProcesses": [
        "cgproc.32685.json"
    ],
    "Misc": {
        "vcs_version": "O-2018.09-SP1_Full64",
        "vcs_build_date": "Build Date = Nov 29 2018 20:31:24",
        "csrc": "csrc",
        "hostname": "hafez.sfsu.edu",
        "master_pid": 32685,
        "default_output_dir": "csrc",
        "csrc_abs": "/courses/engr850/engr850-13/testBenchFiles/csrc",
        "VCS_HOME": "/packages/synopsys/vcs_mx/O-2018.09-SP1",
        "cwd": "/courses/engr850/engr850-13/testBenchFiles",
        "daidir": "simv.daidir",
        "archive_dir": "archive.27",
        "daidir_abs": "/courses/engr850/engr850-13/testBenchFiles/simv.daidir"
    }
}