{
    "ObjArchives": [
        {
            "objects": [
                [
                    "hEeZs_d.o",
                    99772
                ],
                [
                    "qwrJu_d.o",
                    99522
                ],
                [
                    "reYIK_d.o",
                    43312
                ],
                [
                    "Emx8S_d.o",
                    13296
                ],
                [
                    "eBEmP_d.o",
                    46058
                ],
                [
                    "x9Hvb_d.o",
                    14690
                ],
                [
                    "V76K4_d.o",
                    13372
                ],
                [
                    "Hwa6Y_d.o",
                    115404
                ],
                [
                    "amcQwB.o",
                    109272
                ]
            ],
            "archive": "archive.27/_32685_archive_1.a",
            "size": 554698
        }
    ],
    "Modules": {
        "...MASTER...": {
            "nQuads": 0,
            "start_perf": [
                0.31684088706970215,
                0.14826500000000001,
                0.058103000000000002,
                281556,
                296940,
                1590406160.4800169,
                27031272880496397
            ],
            "child_modules": {
                "vcs_paramclassrepository": 1,
                "std": 1,
                "top": 1,
                "_vcs_unit__3899850486": 1
            },
            "nRouts": 5,
            "end_perf": [
                0.32529997825622559,
                0.14884900000000001,
                0.062936000000000006,
                283992,
                296940,
                27031272905320933,
                0,
                0
            ],
            "nMops": 0
        },
        "vcs_paramclassrepository": {
            "start_perf": [
                0.32544684410095215,
                0.148946,
                0.062977000000000005,
                283992,
                296940,
                1590406160.4886229,
                27031272905678098
            ],
            "Compiled Times": 1,
            "nQuads": 679,
            "child_modules": {},
            "Compiled": "Yes",
            "nMops": 2228,
            "significant_routs": [
                [
                    42,
                    "F_VCSgd_hEeZs_27_0",
                    5230578,
                    2524,
                    315
                ]
            ],
            "end_perf": [
                0.3544769287109375,
                0.173959,
                0.066984000000000002,
                288020,
                296940,
                27031272990648892,
                51539607553,
                0
            ],
            "svclass": [
                "_vcs_unit__3899850486_InputData_11_0",
                3573,
                366,
                5,
                5,
                4294967304,
                "_vcs_unit__3899850486_transaction_11_0",
                1434,
                113,
                3,
                2,
                4294967360,
                "_vcs_unit__3899850486_monitor_11_0",
                6546,
                654,
                17,
                4,
                4294967508,
                "_vcs_unit__3899850486_scoreboard_11_0",
                11564,
                1095,
                32,
                23,
                4294967552,
                "_vcs_unit__3899850486_scoreboard_11_0::covMessage",
                0,
                0,
                0,
                0,
                4294967558,
                "_vcs_unit__3899850486_scoreboard_11_0::covOutput",
                0,
                0,
                0,
                0,
                4294967567
            ],
            "nRouts": 62
        },
        "mul_add": {
            "nQuads": 218,
            "Compiled Times": 28,
            "start_perf": [
                0.42084884643554688,
                0.23522100000000001,
                0.072067000000000006,
                289988,
                296940,
                1590406160.5840249,
                27031273184816686
            ],
            "child_modules": {},
            "Compiled": "Yes",
            "nRouts": 14,
            "end_perf": [
                0.42681789398193359,
                0.23919099999999999,
                0.074059,
                289988,
                296940,
                27031273202301330,
                42949672961,
                0
            ],
            "nMops": 866
        },
        "_vcs_unit__3899850486": {
            "start_perf": [
                0.35454082489013672,
                0.17400499999999999,
                0.067002000000000006,
                288020,
                296940,
                1590406160.5177169,
                27031272990801821
            ],
            "Compiled Times": 1,
            "nQuads": 802,
            "child_modules": {},
            "Compiled": "Yes",
            "nMops": 3790,
            "significant_routs": [
                [
                    13,
                    "U_VCSgd_qwrJu_13",
                    4475349,
                    2366,
                    391
                ],
                [
                    19,
                    "U_VCSgd_qwrJu_19",
                    5338183,
                    3121,
                    458
                ],
                [
                    21,
                    "U_VCSgd_qwrJu_21",
                    5872200,
                    3288,
                    472
                ],
                [
                    70,
                    "F_VCSgd_qwrJu_25_0",
                    8821454,
                    4865,
                    678
                ]
            ],
            "end_perf": [
                0.3873748779296875,
                0.20587900000000001,
                0.067960000000000007,
                288324,
                296940,
                27031273086906357,
                4294967297,
                0
            ],
            "svclass": [
                "generator",
                4377,
                430,
                9,
                4,
                4294967367,
                "driver",
                15815,
                2116,
                23,
                4,
                4294967436,
                "environment",
                12759,
                1244,
                38,
                5,
                4294967611
            ],
            "nRouts": 75
        },
        "test": {
            "nQuads": 69,
            "Compiled Times": 1,
            "start_perf": [
                0.4171898365020752,
                0.23272200000000001,
                0.070915000000000006,
                289988,
                296940,
                1590406160.5803659,
                27031273174112715
            ],
            "child_modules": {},
            "Compiled": "Yes",
            "nRouts": 12,
            "end_perf": [
                0.42080402374267578,
                0.23518600000000001,
                0.072056999999999996,
                289988,
                296940,
                27031273184702001,
                21474836481,
                0
            ],
            "nMops": 228
        },
        "ModExp": {
            "start_perf": [
                0.4268639087677002,
                0.23922599999999999,
                0.074069999999999997,
                289988,
                296940,
                1590406160.59004,
                27031273202416698
            ],
            "Compiled Times": 28,
            "nQuads": 3055,
            "child_modules": {
                "mul_add": 1
            },
            "Compiled": "Yes",
            "significant_routs": [
                [
                    61,
                    "R_VCSgd_Hwa6Y_3d",
                    4376167,
                    2575,
                    267
                ],
                [
                    72,
                    "R_VCSgd_Hwa6Y_48",
                    24527882,
                    11152,
                    1348
                ],
                [
                    79,
                    "R_VCSgd_Hwa6Y_4f",
                    25699369,
                    13162,
                    1318
                ],
                [
                    82,
                    "R_VCSgd_Hwa6Y_52",
                    26064125,
                    13496,
                    1351
                ],
                [
                    83,
                    "R_VCSgd_Hwa6Y_53",
                    25350148,
                    13258,
                    1305
                ],
                [
                    84,
                    "R_VCSgd_Hwa6Y_54",
                    28649113,
                    14212,
                    1407
                ]
            ],
            "nMops": 8967,
            "end_perf": [
                0.49747085571289062,
                0.30891099999999999,
                0.074978000000000003,
                289988,
                296940,
                27031273409062201,
                47244640257,
                0
            ],
            "nRouts": 173
        },
        "std": {
            "start_perf": [
                0.38743185997009277,
                0.20592299999999999,
                0.067974000000000007,
                288324,
                296940,
                1590406160.5506079,
                27031273087040900
            ],
            "Compiled Times": 28,
            "nQuads": 223,
            "child_modules": {},
            "Compiled": "Yes",
            "end_perf": [
                0.3963010311126709,
                0.21382200000000001,
                0.068942000000000003,
                288324,
                296940,
                27031273113015875,
                8589934594,
                0
            ],
            "svclass": [
                "$vcs_nba_dyn_obj",
                576,
                35,
                2,
                2,
                0,
                "sigprop$$",
                576,
                35,
                2,
                2,
                0,
                "process",
                2380,
                200,
                8,
                8,
                0,
                "event",
                597,
                34,
                2,
                2,
                0,
                "mailbox",
                1769,
                140,
                9,
                9,
                0,
                "semaphore",
                1119,
                83,
                5,
                5,
                0
            ],
            "nMops": 540,
            "nRouts": 33
        },
        "top": {
            "nQuads": 104,
            "Compiled Times": 1,
            "start_perf": [
                0.39635491371154785,
                0.213864,
                0.068956000000000003,
                288324,
                296940,
                1590406160.559531,
                27031273113147317
            ],
            "child_modules": {
                "ModExp": 1,
                "test": 1,
                "modexp_if": 1
            },
            "Compiled": "Yes",
            "nRouts": 21,
            "end_perf": [
                0.40096497535705566,
                0.21831900000000001,
                0.069100999999999996,
                288324,
                296940,
                27031273126658573,
                12884901889,
                0
            ],
            "nMops": 297
        },
        "modexp_if": {
            "start_perf": [
                0.40101099014282227,
                0.21835399999999999,
                0.069112000000000007,
                288324,
                296940,
                1590406160.564187,
                27031273126786582
            ],
            "Compiled Times": 1,
            "nQuads": 812,
            "child_modules": {},
            "Compiled": "Yes",
            "end_perf": [
                0.41713690757751465,
                0.232681,
                0.070902000000000007,
                289988,
                296940,
                27031273173980870,
                17179869185,
                0
            ],
            "svclass": [
                "modexp_if_vcs_virt_intf_C",
                0,
                0,
                0,
                0,
                0
            ],
            "nMops": 1364,
            "nRouts": 128
        }
    },
    "reusePaths": {},
    "CompUnits": {
        "amcQw_d": {
            "checksum": 0,
            "mod": "...MASTER...",
            "out": "objs/amcQw_d.o",
            "bytes": 8376,
            "mode": 4,
            "text": 498
        },
        "x9Hvb_d": {
            "checksum": 0,
            "mod": "test",
            "out": "x9Hvb_d.o",
            "bytes": 14690,
            "mode": 4,
            "text": 2213,
            "archive": "archive.27/_32685_archive_1.a"
        },
        "hEeZs_d": {
            "checksum": 0,
            "mod": "vcs_paramclassrepository",
            "out": "hEeZs_d.o",
            "bytes": 99772,
            "mode": 4,
            "text": 23436,
            "cls": 23117,
            "archive": "archive.27/_32685_archive_1.a"
        },
        "qwrJu_d": {
            "checksum": 0,
            "mod": "_vcs_unit__3899850486",
            "out": "qwrJu_d.o",
            "bytes": 99522,
            "mode": 4,
            "text": 33307,
            "cls": 32951,
            "archive": "archive.27/_32685_archive_1.a"
        },
        "reYIK_d": {
            "checksum": 0,
            "mod": "std",
            "out": "reYIK_d.o",
            "bytes": 43312,
            "mode": 4,
            "text": 7337,
            "cls": 7017,
            "archive": "archive.27/_32685_archive_1.a"
        },
        "eBEmP_d": {
            "checksum": 0,
            "mod": "modexp_if",
            "out": "eBEmP_d.o",
            "bytes": 46058,
            "mode": 4,
            "text": 12351,
            "archive": "archive.27/_32685_archive_1.a"
        },
        "Emx8S_d": {
            "checksum": 0,
            "mod": "top",
            "out": "Emx8S_d.o",
            "bytes": 13296,
            "mode": 4,
            "text": 2616,
            "archive": "archive.27/_32685_archive_1.a"
        },
        "V76K4_d": {
            "checksum": 0,
            "mod": "mul_add",
            "out": "V76K4_d.o",
            "bytes": 13372,
            "mode": 4,
            "text": 4148,
            "archive": "archive.27/_32685_archive_1.a"
        },
        "Hwa6Y_d": {
            "checksum": 0,
            "mod": "ModExp",
            "out": "Hwa6Y_d.o",
            "bytes": 115404,
            "mode": 4,
            "text": 82268,
            "archive": "archive.27/_32685_archive_1.a"
        }
    },
    "stat": {
        "ru_self_end": {
            "ru_utime_sec": 0.31097200000000003,
            "ru_stime_sec": 0.079991999999999994,
            "ru_maxrss_kb": 86012,
            "ru_minflt": 31516,
            "ru_nivcsw": 170,
            "ru_majflt": 0,
            "ru_nvcsw": 65
        },
        "ru_childs_end": {
            "ru_utime_sec": 0.0089990000000000001,
            "ru_stime_sec": 0.025558000000000001,
            "ru_maxrss_kb": 20284,
            "ru_minflt": 6866,
            "ru_nivcsw": 8,
            "ru_majflt": 0,
            "ru_nvcsw": 18
        },
        "cpu_cycles_end": 27031273429668639,
        "peak_mem_kb": 296940
    }
}